epoch,avg_reward,avg_pipes,max_pipes,policy_loss,value_loss,entropy,steps,seconds
1,-6.350,0.000,0,0.0048,0.9935,0.6915,151,1.2
2,-5.387,0.000,0,-0.0038,0.9948,0.6841,191,1.9
3,-6.175,0.000,0,-0.0082,0.9931,0.6902,159,2.6
4,-5.837,0.000,0,0.0026,0.9938,0.6895,172,3.3
5,-5.475,0.000,0,0.0228,0.9947,0.6863,187,4.0
6,-5.525,0.000,0,-0.0140,0.9940,0.6859,184,4.7
7,-5.500,0.000,0,-0.0275,0.9942,0.6809,185,5.5
8,-4.937,0.000,0,-0.0203,0.9952,0.6671,210,6.4
9,-4.925,0.000,0,-0.0173,0.9953,0.6335,210,7.2
10,-3.175,0.000,0,-0.0542,0.9968,0.5544,280,8.4
11,-2.325,0.000,0,0.0837,0.9978,0.4081,313,9.6
12,-2.300,0.000,0,0.0690,0.9992,0.3663,313,10.9
13,1.637,0.000,0,0.0332,0.9991,0.3968,472,12.9
14,-0.600,0.000,0,0.0950,0.9973,0.4499,382,14.4
15,-2.600,0.000,0,-0.0298,0.9958,0.5215,302,15.7
16,-1.663,0.000,0,-0.0361,0.9965,0.5645,339,17.1
17,-3.975,0.000,0,-0.0536,0.9960,0.5850,248,18.1
18,-1.913,0.000,0,0.0065,0.9972,0.5878,328,19.5
19,-2.750,0.000,0,-0.0273,0.9974,0.5884,296,20.7
20,-3.350,0.000,0,-0.0881,0.9963,0.5792,272,21.8
21,-3.462,0.000,0,-0.0569,0.9959,0.5497,267,22.9
22,-0.113,0.000,0,-0.0109,0.9958,0.5026,401,24.6
23,-1.863,0.000,0,0.0474,0.9952,0.4449,330,25.9
24,1.587,0.000,0,0.0323,0.9922,0.4059,469,27.9
25,-1.688,0.000,0,0.0480,0.9951,0.3798,339,29.4
26,-3.700,0.000,0,0.0308,0.9956,0.3829,257,30.6
27,5.750,0.375,2,0.0130,0.9908,0.4082,621,33.7
28,2.662,0.375,2,0.0076,0.9941,0.4396,497,36.1
29,1.175,0.000,0,0.0024,0.9884,0.4595,453,38.2
30,4.825,0.125,1,-0.0136,0.9832,0.4772,593,41.0
31,-0.038,0.125,1,-0.0058,0.9893,0.4850,399,42.8
32,-2.413,0.000,0,-0.0478,0.9922,0.4954,308,44.3
33,-0.450,0.000,0,-0.0267,0.9843,0.4916,389,46.1
34,-0.338,0.000,0,-0.0176,0.9844,0.4781,392,48.1
35,-2.425,0.000,0,-0.0089,0.9817,0.4578,309,49.6
36,-3.838,0.125,1,0.0419,0.9992,0.4387,246,50.8
37,0.812,0.000,0,-0.0385,0.9630,0.4438,438,52.9
38,-0.475,0.125,1,0.0099,0.9779,0.4384,382,54.7
39,0.412,0.000,0,0.0223,0.9546,0.4332,422,56.7
40,-0.863,0.125,1,-0.0163,0.9801,0.4332,366,58.4
41,1.575,0.000,0,-0.0229,0.9397,0.4350,468,60.6
42,3.837,0.250,1,-0.0204,0.9348,0.4244,549,63.2
43,-2.988,0.000,0,-0.0195,0.9764,0.4063,285,64.6
44,-1.400,0.000,0,0.1552,0.9859,0.3735,349,66.3
45,2.125,0.000,0,0.0395,0.8734,0.4100,490,68.6
46,2.087,0.000,0,-0.0701,0.9016,0.4521,489,70.9
47,-2.463,0.000,0,-0.0612,0.9641,0.4908,308,72.4
48,-1.313,0.000,0,0.2006,1.1353,0.5072,352,74.0
49,-3.688,0.000,0,-0.0555,0.9975,0.5211,259,75.3
50,-1.863,0.125,1,-0.0922,1.0189,0.5108,325,76.8
51,-2.000,0.000,0,-0.1767,0.9802,0.5029,326,78.3
52,-2.075,0.000,0,-0.1063,0.9488,0.4947,324,79.9
53,0.087,0.125,1,0.0852,0.9323,0.4811,404,81.8
54,1.862,0.000,0,0.0153,0.8562,0.4636,480,84.1
55,-0.750,0.000,0,0.0198,0.9178,0.4400,375,85.9
56,-1.175,0.000,0,0.0102,0.9132,0.4266,357,87.6
57,0.812,0.000,0,0.0572,0.8725,0.4160,437,89.7
58,-2.463,0.000,0,0.0557,0.9206,0.4185,307,91.1
59,-3.675,0.000,0,0.0738,0.9372,0.4353,260,92.4
60,3.612,0.000,0,0.0801,0.7732,0.4612,550,95.0
61,-2.175,0.000,0,-0.0482,0.9075,0.4948,319,96.6
62,0.462,0.000,0,0.0205,0.8480,0.4991,423,98.6
63,-3.325,0.000,0,-0.1304,0.9766,0.5097,274,99.9
64,-1.825,0.000,0,-0.0695,0.8624,0.4978,332,101.4
65,-0.188,0.000,0,-0.0140,0.7966,0.4846,398,103.3
66,3.862,0.250,2,0.0919,0.8533,0.4621,550,106.1
67,-1.388,0.125,1,-0.0634,1.1755,0.4693,345,107.8
68,-4.325,0.000,0,-0.1151,0.9798,0.4702,233,108.9
69,-0.200,0.000,0,0.0007,0.8075,0.4532,398,110.8
70,-0.288,0.000,0,0.0662,0.6852,0.4474,394,112.8
71,-1.413,0.000,0,0.0607,0.8045,0.4469,349,114.5
72,-0.275,0.000,0,0.0529,0.7850,0.4467,396,116.4
73,0.600,0.125,1,0.0185,0.8838,0.4501,425,118.5
74,-3.375,0.000,0,-0.1625,0.9512,0.4644,270,119.8
75,2.462,0.250,1,0.0548,0.7188,0.4321,494,122.3
76,-0.638,0.000,0,-0.0013,0.8622,0.4294,380,124.1
77,0.425,0.125,1,0.0028,1.0619,0.4167,418,126.2
78,-1.538,0.000,0,-0.0428,0.8168,0.4172,344,127.9
79,-1.338,0.000,0,0.0176,0.7356,0.4179,353,129.7
80,-0.563,0.000,0,-0.0225,0.7958,0.4369,383,131.5
81,0.337,0.125,1,0.0353,0.9089,0.4486,414,133.5
82,0.525,0.125,1,0.0276,1.0476,0.4610,422,135.6
83,-0.213,0.125,1,0.0253,0.9319,0.4706,393,137.4
84,0.437,0.125,1,0.0416,0.7678,0.4735,417,139.4
85,-1.825,0.000,0,-0.0760,0.8432,0.4810,333,141.0
86,0.900,0.125,1,-0.0389,0.8261,0.4782,435,143.2
87,-0.400,0.000,0,-0.0560,0.8404,0.4737,390,145.1
88,0.025,0.125,1,-0.0482,0.8632,0.4636,400,147.0
89,0.212,0.000,0,-0.0403,0.7079,0.4524,413,149.0
90,-2.338,0.000,0,-0.0339,0.9406,0.4406,313,150.6
91,2.137,0.125,1,0.0756,0.7550,0.4240,485,152.9
92,0.675,0.125,1,0.0754,0.8290,0.4150,429,155.0
93,-1.550,0.000,0,0.0905,0.8539,0.4091,343,156.7
94,0.387,0.125,1,0.0526,0.8930,0.4137,417,158.7
95,1.275,0.000,0,0.0455,0.6426,0.4251,457,160.9
96,-1.325,0.125,1,-0.1176,1.2267,0.4418,348,162.6
97,1.675,0.125,1,-0.0504,0.8646,0.4531,468,164.8
98,0.037,0.250,2,-0.0673,1.2935,0.4628,398,166.8
99,-0.725,0.000,0,-0.1290,0.8368,0.4758,377,168.6
100,-0.000,0.000,0,-0.0152,0.7661,0.4787,405,170.6
101,-3.287,0.000,0,-0.1567,0.9398,0.4910,274,172.0
102,0.687,0.000,0,-0.0247,0.7850,0.4910,432,174.0
103,-0.350,0.125,1,0.0661,1.0679,0.4807,386,175.9
104,0.387,0.125,1,0.0452,0.9588,0.4678,416,177.9
105,0.187,0.125,1,0.0911,1.0201,0.4492,409,179.9
106,4.112,0.375,2,0.0782,0.8722,0.4346,555,182.5
107,-2.512,0.000,0,-0.0301,0.9204,0.4193,306,184.0
108,0.262,0.000,0,0.0373,0.7894,0.4165,415,186.0
109,-1.725,0.000,0,0.0002,0.9042,0.4214,337,187.6
110,1.825,0.000,0,-0.0437,0.7674,0.4372,479,189.9
111,0.787,0.000,0,-0.0349,0.8112,0.4432,437,192.0
112,-2.250,0.000,0,-0.0293,0.9354,0.4448,316,193.6
113,1.750,0.125,1,-0.0217,0.8213,0.4497,471,195.8
114,-1.813,0.000,0,-0.0307,0.9013,0.4414,334,197.4
115,1.350,0.000,0,0.0810,0.7247,0.4274,460,199.8
116,-0.725,0.000,0,0.0364,0.7616,0.4223,377,201.8
117,-0.963,0.000,0,0.0971,0.7979,0.4108,366,203.7
118,-0.075,0.125,1,0.0875,0.7887,0.4107,398,205.9
119,-1.175,0.125,1,0.0220,0.9519,0.4164,354,207.8
120,3.487,0.250,1,0.0418,0.6110,0.4230,535,210.8
121,0.737,0.000,0,0.0225,0.6588,0.4286,436,213.2
122,3.662,0.125,1,-0.0054,0.6855,0.4392,547,216.2
123,-2.463,0.125,1,-0.0610,1.4104,0.4517,303,218.0
124,-0.288,0.125,1,-0.1008,1.1901,0.4795,390,220.3
125,-0.813,0.000,0,-0.1090,0.8216,0.5049,372,222.6
126,-2.900,0.000,0,-0.2214,0.9970,0.5254,289,224.2
127,-1.513,0.000,0,-0.1351,0.8663,0.5375,344,226.2
128,-2.713,0.000,0,-0.1167,0.9750,0.5435,299,227.9
129,-2.112,0.000,0,-0.0551,0.8654,0.5437,322,229.9
130,-2.763,0.000,0,0.0488,0.9545,0.5360,294,231.6
131,-0.988,0.125,1,0.1059,0.9683,0.5239,361,233.8
132,0.162,0.000,0,0.0073,0.8293,0.5125,412,236.1
133,-1.350,0.000,0,-0.0050,0.8877,0.4902,351,238.2
134,-3.862,0.000,0,-0.0328,0.9567,0.4680,252,239.6
135,-1.763,0.000,0,0.0263,0.8734,0.4439,336,241.6
136,0.162,0.125,1,0.0190,0.8852,0.4276,407,243.9
137,-3.138,0.000,0,0.0334,0.9572,0.4077,280,245.5
138,-1.125,0.125,1,0.0586,0.9172,0.3961,355,247.6
139,-3.312,0.000,0,-0.0308,0.9087,0.3945,273,249.3
140,-0.750,0.125,1,0.0457,0.8668,0.3999,371,251.5
141,-1.863,0.000,0,-0.0305,0.9803,0.4153,332,253.5
142,-3.013,0.000,0,0.0129,0.9228,0.4192,285,255.2
143,-1.913,0.000,0,-0.0303,0.8459,0.4180,330,257.0
144,-2.613,0.000,0,0.0059,0.8968,0.4240,301,258.7
145,1.800,0.250,2,0.0676,1.0185,0.4389,468,261.4
146,-2.875,0.000,0,0.0995,0.8211,0.4313,291,263.0
147,0.675,0.000,0,-0.0208,0.7393,0.4558,433,265.4
148,-0.825,0.000,0,-0.0055,0.8722,0.4532,373,267.5
149,1.087,0.000,0,0.0703,0.7271,0.4451,449,270.1
150,0.750,0.125,1,-0.0051,1.0089,0.4427,432,272.5
151,0.787,0.000,0,0.0505,0.7593,0.4342,437,274.9
152,1.437,0.000,0,-0.0256,0.6778,0.4270,463,277.5
153,2.437,0.125,1,0.0970,0.7609,0.4179,498,280.2
154,0.575,0.000,0,0.0555,0.7493,0.4213,427,282.6
155,-1.300,0.125,1,-0.0090,1.1905,0.4230,349,284.6
156,2.450,0.125,1,-0.0341,0.8401,0.4421,498,287.4
157,0.937,0.000,0,-0.0799,0.6886,0.4507,442,289.9
158,0.150,0.000,0,-0.0780,0.7637,0.4572,412,292.3
159,-0.125,0.000,0,-0.1190,0.7559,0.4723,402,294.5
160,0.050,0.000,0,-0.0089,0.7481,0.4784,407,296.8
161,2.962,0.125,1,0.0470,0.5881,0.4733,519,299.7
162,1.175,0.000,0,0.0041,0.7388,0.4555,453,302.3
163,1.287,0.000,0,-0.0096,0.7001,0.4338,458,304.8
164,0.512,0.125,1,-0.0063,0.9526,0.4196,422,307.2
165,2.000,0.000,0,0.0285,0.5528,0.4112,486,310.0
166,-2.550,0.000,0,-0.0454,0.9890,0.4096,303,311.8
167,-0.425,0.000,0,0.0710,0.7940,0.4198,388,313.9
168,-0.088,0.000,0,0.0968,0.6757,0.4343,401,316.1
169,-1.188,0.000,0,-0.0445,0.8390,0.4628,359,318.1
170,-3.038,0.000,0,-0.0941,1.0675,0.4855,285,319.8
171,-1.125,0.000,0,0.0377,0.8128,0.4888,360,321.9
172,3.600,0.000,0,0.0984,0.5632,0.4922,549,324.9
173,-1.650,0.000,0,-0.0915,0.9212,0.5111,340,326.9
174,0.300,0.125,1,0.0550,1.0091,0.4958,412,329.3
175,-0.575,0.000,0,-0.0583,0.7743,0.4976,383,331.4
176,-1.863,0.000,0,-0.1199,0.9302,0.4913,331,333.2
177,-4.100,0.000,0,-0.1403,0.9922,0.4829,241,334.6
178,1.312,0.125,1,-0.0416,0.9340,0.4706,454,337.1
179,2.412,0.125,1,0.0123,0.8555,0.4635,497,339.8
180,-0.750,0.125,1,-0.0136,0.9029,0.4657,371,341.9
181,1.725,0.000,0,0.0003,0.6892,0.4606,475,344.6
182,0.500,0.125,1,0.0613,0.9894,0.4553,421,347.0
183,3.462,0.250,1,0.0973,0.7989,0.4522,534,350.0
184,-1.013,0.000,0,-0.0451,0.8394,0.4601,366,352.2
185,0.450,0.250,1,0.0238,1.0073,0.4531,414,354.5
186,0.937,0.000,0,0.0505,0.7405,0.4487,444,357.0
187,-0.975,0.000,0,-0.0378,0.8511,0.4474,366,359.1
188,0.712,0.000,0,-0.0276,0.7114,0.4408,435,361.6
189,-2.775,0.000,0,-0.0489,0.8922,0.4312,294,363.2
190,-4.462,0.000,0,-0.0207,0.9277,0.4260,228,364.5
191,-2.312,0.000,0,-0.0066,0.7771,0.4239,313,366.3
192,-2.038,0.000,0,0.0957,0.8982,0.4181,324,368.1
193,2.575,0.000,0,0.1622,0.6269,0.4198,508,370.9
194,-1.250,0.000,0,0.0592,0.7883,0.4380,356,372.9
195,-0.113,0.000,0,0.0169,0.8530,0.4402,401,375.1
196,1.550,0.125,1,0.0631,0.9516,0.4449,463,377.7
197,-0.750,0.000,0,-0.0193,0.7655,0.4537,374,379.7
198,-0.025,0.125,1,-0.0236,0.8595,0.4512,400,382.0
199,0.037,0.000,0,-0.0162,0.7961,0.4498,407,384.3
200,-1.575,0.125,1,-0.0136,1.0191,0.4491,338,386.2
201,1.787,0.000,0,-0.0188,0.6533,0.4648,477,388.8
202,-0.488,0.000,0,-0.1522,0.8433,0.4834,386,391.0
203,-1.050,0.000,0,-0.1285,0.8709,0.4845,364,393.0
204,1.050,0.375,2,0.0157,1.2529,0.4784,433,395.3
205,0.612,0.000,0,-0.0685,0.7528,0.4862,429,397.8
206,-1.588,0.000,0,-0.0239,0.8402,0.4809,341,399.9
207,-0.088,0.125,1,0.0200,1.0799,0.4721,398,402.1
208,-2.700,0.000,0,-0.0975,0.9032,0.4645,297,403.8
209,-0.450,0.000,0,-0.0104,0.8283,0.4640,388,406.0
210,2.637,0.125,1,0.0094,0.7095,0.4624,506,408.8
211,-0.088,0.125,1,0.0126,1.0016,0.4553,397,411.1
212,1.262,0.000,0,0.0322,0.7478,0.4473,456,413.6
213,0.575,0.000,0,0.0109,0.8033,0.4340,429,416.0
214,0.337,0.000,0,0.0170,0.7691,0.4187,419,418.3
215,-1.863,0.000,0,0.0546,0.8243,0.4034,331,420.2
216,-0.000,0.250,1,0.0490,0.9567,0.4065,396,422.5
217,2.162,0.125,1,0.0867,0.6498,0.4115,487,425.2
218,0.612,0.000,0,0.0401,0.7203,0.4126,429,427.6
219,-0.913,0.000,0,-0.0654,0.7656,0.4213,369,429.6
220,-1.250,0.125,1,-0.0440,0.9626,0.4075,351,431.7
221,-1.900,0.000,0,0.0068,0.9056,0.4138,331,433.6
222,-1.575,0.000,0,-0.0382,0.8325,0.4267,342,435.5
223,-0.013,0.000,0,0.0115,0.7785,0.4437,405,437.8
224,1.087,0.000,0,0.0101,0.6735,0.4469,449,440.4
225,-1.200,0.125,1,0.0025,0.9799,0.4545,353,442.5
226,0.737,0.000,0,-0.0122,0.5771,0.4595,436,444.9
227,-0.838,0.000,0,0.0538,0.8335,0.4519,373,447.0
228,-0.363,0.000,0,0.0282,0.8517,0.4451,391,449.1
229,2.725,0.000,0,0.0691,0.5166,0.4454,513,452.0
230,-0.200,0.000,0,-0.0214,0.7823,0.4491,397,454.2
231,0.437,0.000,0,-0.0783,0.7417,0.4424,423,456.7
232,1.637,0.125,1,0.0250,0.9715,0.4275,466,459.3
233,-3.687,0.000,0,-0.1196,1.0156,0.4365,258,460.7
234,-0.050,0.125,1,-0.0785,0.9961,0.4468,398,462.9
235,-2.425,0.125,1,-0.0513,1.0889,0.4626,304,464.6
236,-3.913,0.000,0,-0.1486,1.0619,0.4906,249,466.0
237,-0.463,0.000,0,-0.0115,0.7759,0.4985,387,468.1
238,-1.038,0.125,1,-0.0152,0.9623,0.5095,359,470.1
239,1.700,0.250,2,0.0381,1.0048,0.5133,464,472.7
240,-2.025,0.000,0,-0.0815,0.8854,0.5320,326,474.6
241,-1.300,0.000,0,-0.0239,0.8545,0.5309,354,476.7
242,-0.150,0.000,0,-0.0489,0.8132,0.5272,401,478.9
243,-3.113,0.000,0,-0.0473,0.9469,0.5206,281,480.4
244,-0.775,0.000,0,0.0200,0.8424,0.5016,374,482.7
245,-0.513,0.125,1,0.0125,0.9249,0.4863,380,485.0
246,-1.688,0.000,0,-0.0139,0.8530,0.4682,339,486.9
247,1.912,0.000,0,0.0174,0.7306,0.4515,482,489.6
248,1.037,0.125,1,0.0706,0.7695,0.4235,443,492.1
249,-4.275,0.000,0,-0.0676,0.9702,0.4070,235,493.5
250,-0.600,0.000,0,0.0951,0.8231,0.3842,380,495.6
251,-0.338,0.000,0,0.1138,0.7568,0.3686,392,499.4
252,-5.112,0.000,0,0.0199,0.9500,0.3684,201,500.6
253,-3.350,0.000,0,-0.0261,0.8981,0.3763,272,502.2
254,-2.150,0.125,1,0.1234,1.0423,0.3852,315,504.1
255,-1.425,0.000,0,0.0979,0.8256,0.4034,348,506.1
256,3.712,0.000,0,0.0912,0.5565,0.4153,554,509.3
257,-1.488,0.000,0,-0.0032,0.8470,0.4415,346,511.5
258,-1.200,0.000,0,0.0129,0.8693,0.4443,358,513.6
259,0.437,0.125,1,-0.0031,0.8258,0.4413,418,516.2
260,-0.450,0.125,1,-0.0118,0.8751,0.4409,382,518.5
261,-2.538,0.000,0,-0.0698,0.9364,0.4515,303,520.3
262,-0.600,0.125,1,-0.0281,1.1400,0.4426,377,522.6
263,-0.088,0.000,0,-0.0301,0.8148,0.4374,403,525.1
264,1.600,0.125,1,-0.0257,0.7458,0.4387,465,528.0
265,-2.113,0.000,0,-0.0185,0.9404,0.4342,321,530.0
266,0.150,0.000,0,-0.0205,0.7224,0.4419,412,532.5
267,-2.425,0.000,0,-0.0259,0.9480,0.4501,309,534.4
268,-1.588,0.000,0,-0.1144,0.9086,0.4587,343,536.4
269,0.287,0.000,0,-0.0530,0.7860,0.4611,418,538.9
270,-1.900,0.000,0,0.0003,0.8693,0.4636,330,540.8
271,0.587,0.000,0,-0.0077,0.7230,0.4614,430,543.5
272,-1.225,0.000,0,-0.0832,0.8331,0.4584,357,545.6
273,-1.625,0.000,0,0.0336,0.7833,0.4427,341,547.6
274,1.412,0.250,1,0.0617,0.9613,0.4303,454,550.3
275,-0.188,0.000,0,0.0397,0.8312,0.4294,398,552.5
276,-1.550,0.000,0,0.0919,0.8434,0.4249,344,554.5
277,-1.975,0.000,0,0.0939,0.9111,0.4162,326,556.3
278,0.225,0.000,0,0.0584,0.7125,0.4288,414,558.6
279,-1.175,0.125,1,0.0103,0.9965,0.4418,354,560.6
280,1.937,0.000,0,0.0275,0.6463,0.4501,484,563.4
281,-2.675,0.000,0,-0.0734,1.0685,0.4603,299,565.2
282,-0.125,0.000,0,-0.0370,0.7449,0.4677,402,567.7
283,-0.963,0.000,0,-0.0687,0.8345,0.4696,368,569.9
284,-0.900,0.000,0,-0.0438,0.8153,0.4713,369,572.2
285,-0.350,0.125,1,-0.0538,1.0663,0.4675,386,574.5
286,-2.050,0.000,0,-0.1189,0.8230,0.4678,326,576.4
287,-1.238,0.125,1,-0.0482,1.1314,0.4691,351,578.7
288,1.937,0.000,0,-0.0168,0.6588,0.4590,483,581.5
289,-1.750,0.000,0,-0.0485,0.8748,0.4503,337,583.5
290,-1.750,0.000,0,-0.0884,0.8871,0.4316,335,585.6
291,-5.050,0.000,0,-0.0498,1.0078,0.4140,203,586.9
292,-3.575,0.000,0,-0.0088,0.9680,0.4081,262,588.4
293,-3.425,0.000,0,-0.0421,0.8759,0.4132,269,589.9
294,-1.625,0.125,1,-0.0228,0.9524,0.4299,336,591.8
295,-0.138,0.000,0,-0.0250,0.7975,0.4317,401,594.0
296,-4.050,0.000,0,0.0119,0.9366,0.4370,245,595.4
297,-0.238,0.000,0,0.0812,0.7856,0.4294,395,597.7
298,3.300,0.125,1,0.1146,0.6897,0.4212,532,600.7
299,-1.263,0.000,0,0.0901,0.8908,0.4274,355,602.8
300,0.525,0.125,1,0.1177,0.8041,0.4275,422,605.1
301,1.800,0.250,1,0.1303,0.9220,0.4240,467,607.7
302,-0.975,0.000,0,0.0144,0.9351,0.4334,367,609.9
303,-0.138,0.000,0,0.0185,0.7653,0.4393,401,612.1
304,0.862,0.125,1,0.0478,0.7925,0.4362,436,614.5
305,-1.850,0.000,0,0.0058,0.9294,0.4354,331,616.4
306,0.825,0.000,0,0.0311,0.6914,0.4398,438,618.8
307,0.212,0.000,0,-0.0051,0.7292,0.4381,414,621.2
308,0.312,0.125,1,0.0193,0.8529,0.4436,413,623.6
309,-0.763,0.000,0,-0.0607,0.8304,0.4544,375,625.7
310,-1.575,0.000,0,-0.0889,0.8814,0.4596,342,627.7
311,-2.150,0.000,0,-0.0382,0.8604,0.4661,320,629.5
312,-0.313,0.000,0,-0.0268,0.8011,0.4742,394,631.8
313,-2.150,0.000,0,-0.0406,0.9385,0.4741,320,633.7
314,-1.338,0.000,0,0.0107,0.8398,0.4714,353,636.0
315,-0.438,0.000,0,0.0445,0.7545,0.4646,388,638.5
316,0.237,0.125,1,0.0070,0.9378,0.4650,411,641.1
317,2.800,0.250,1,-0.0299,0.7722,0.4639,508,644.1
318,-3.513,0.000,0,-0.1476,1.0934,0.4618,265,645.6
319,-1.438,0.000,0,-0.0541,0.8919,0.4483,349,647.6
320,1.150,0.000,0,0.0240,0.6776,0.4491,451,650.3
321,-1.513,0.000,0,-0.0742,0.9203,0.4583,346,652.3
322,0.137,0.000,0,-0.0221,0.7131,0.4592,411,654.7
323,1.562,0.250,2,0.0698,1.2419,0.4549,459,657.5
324,-2.150,0.000,0,-0.1023,0.8442,0.4701,320,659.3
325,-4.725,0.000,0,-0.1435,1.0044,0.4889,217,660.6
326,-1.600,0.000,0,-0.0362,0.8886,0.4939,342,662.5
327,-0.675,0.000,0,0.0026,0.7596,0.4985,379,664.6
328,-0.463,0.125,1,0.0282,0.8784,0.4943,383,666.8
329,-1.313,0.000,0,0.0069,0.8247,0.4906,352,669.0
330,1.462,0.125,1,0.0514,0.7458,0.4751,458,671.7
331,-1.050,0.125,1,-0.0303,0.9223,0.4617,360,673.7
332,0.600,0.250,1,0.0154,0.8846,0.4492,421,676.2
333,-0.025,0.000,0,0.0492,0.7255,0.4366,403,678.5
334,1.937,0.250,1,0.0287,0.9762,0.4134,473,681.4
335,0.850,0.125,1,0.0709,0.7639,0.3994,434,683.9
336,1.900,0.125,1,0.0777,0.7880,0.3932,477,686.7
337,-0.713,0.125,1,0.0359,0.9094,0.3873,372,688.7
338,-1.775,0.000,0,-0.0150,0.8978,0.3815,335,690.7
339,-1.263,0.000,0,-0.1251,0.7652,0.3927,355,692.7
340,-2.163,0.000,0,0.0116,0.9572,0.4021,318,694.5
341,0.037,0.000,0,0.0621,0.7469,0.4184,406,696.9
342,-0.863,0.000,0,-0.0207,0.8464,0.4278,371,699.2
343,1.975,0.250,1,0.0286,1.0229,0.4296,475,701.8
344,0.037,0.000,0,0.0170,0.7028,0.4349,407,704.0
345,-0.738,0.000,0,-0.0529,0.7775,0.4447,375,706.1
346,-1.213,0.000,0,0.0092,0.9487,0.4456,358,708.1
347,1.400,0.250,1,0.0654,0.8904,0.4431,452,710.6
348,0.087,0.125,1,-0.0339,0.8542,0.4526,404,712.8
349,-2.088,0.000,0,-0.1019,0.8901,0.4577,322,714.6
350,-3.675,0.000,0,-0.1853,0.9495,0.4555,260,716.0
351,0.550,0.125,1,0.0500,0.9975,0.4424,423,718.4
352,0.175,0.000,0,-0.0267,0.7419,0.4441,412,720.7
353,0.337,0.125,1,-0.0001,0.8343,0.4405,415,723.1
354,1.925,0.000,0,0.0267,0.6769,0.4325,482,725.7
355,1.287,0.000,0,0.0074,0.6833,0.4193,457,728.2
356,1.787,0.125,1,0.0359,0.7033,0.4133,472,730.8
357,0.475,0.125,1,0.0826,0.8523,0.4028,421,733.2
358,-1.188,0.000,0,-0.0132,0.8522,0.4010,358,735.2
359,-2.625,0.000,0,0.0311,0.9423,0.3996,302,736.8
360,1.662,0.250,1,0.0751,1.0536,0.3912,462,739.3
361,0.425,0.000,0,0.0537,0.6986,0.4071,423,741.6
362,-2.338,0.000,0,-0.0446,0.8442,0.4239,312,743.3
363,-1.862,0.000,0,-0.0616,0.7671,0.4350,331,745.1
364,2.462,0.000,0,0.0557,0.5972,0.4381,503,747.8
365,-1.738,0.000,0,-0.0584,0.8639,0.4459,337,749.8
366,2.125,0.000,0,0.1055,0.5778,0.4381,490,752.5
367,0.300,0.000,0,0.0032,0.7700,0.4470,418,754.7
368,0.625,0.000,0,0.0291,0.7112,0.4431,430,757.1
369,-0.550,0.000,0,-0.0028,0.7928,0.4333,383,759.1
370,-0.250,0.000,0,-0.0202,0.7964,0.4273,396,761.4
371,-0.438,0.000,0,0.0177,0.8201,0.4263,388,763.5
372,-1.725,0.125,1,0.0031,0.9853,0.4158,331,765.3
373,2.512,0.250,1,0.0358,1.0472,0.4092,497,768.1
374,1.162,0.125,1,-0.0178,0.7984,0.4311,447,770.5
375,-0.700,0.000,0,-0.0331,0.8532,0.4335,379,772.6
376,-0.088,0.000,0,-0.1089,0.7946,0.4430,403,774.8
377,-1.600,0.000,0,-0.0001,0.8352,0.4506,341,776.6
378,1.975,0.000,0,-0.0345,0.6638,0.4614,484,779.5
379,-3.650,0.000,0,-0.2054,1.0537,0.4740,259,780.9
380,0.800,0.000,0,-0.0484,0.7292,0.4784,439,783.3
381,1.400,0.000,0,-0.0330,0.6419,0.4734,463,785.8
382,-0.288,0.000,0,-0.0592,0.8174,0.4760,395,788.0
383,-1.363,0.000,0,-0.0929,0.8327,0.4796,352,789.9
384,-2.663,0.000,0,-0.0176,0.9094,0.4658,298,791.5
385,2.687,0.000,0,0.0489,0.5731,0.4530,513,794.3
386,-2.238,0.000,0,0.0621,0.9378,0.4375,316,796.0
387,-0.200,0.125,1,0.0056,0.9434,0.4207,392,798.2
388,-0.988,0.000,0,0.0599,0.8301,0.4328,367,800.2
389,2.462,0.125,1,0.1166,0.8014,0.4138,500,802.9
390,-3.675,0.000,0,-0.1211,0.8475,0.4368,259,804.3
391,-1.788,0.000,0,0.0309,0.9245,0.4311,335,806.2
392,-2.000,0.000,0,-0.0216,0.8324,0.4290,327,808.1
393,0.812,0.125,1,0.0485,0.8243,0.4227,433,810.6
394,-0.813,0.000,0,0.0521,0.8124,0.4375,372,812.7
395,2.412,0.375,3,0.0310,1.3026,0.4262,487,815.6
396,-4.137,0.000,0,-0.0694,0.9192,0.4390,241,816.9
397,2.025,0.000,0,0.0314,0.6499,0.4458,486,819.7
398,1.425,0.000,0,-0.0296,0.6757,0.4607,463,822.4
399,-0.500,0.000,0,-0.0563,0.8315,0.4563,386,824.5
400,-2.975,0.000,0,-0.0216,0.9129,0.4416,287,826.1
401,-1.988,0.000,0,-0.0396,0.9223,0.4462,326,827.9
402,-0.875,0.000,0,-0.0147,0.8330,0.4445,370,829.9
403,-0.125,0.000,0,-0.0236,0.7429,0.4467,400,832.1
404,2.512,0.250,2,0.0159,1.0769,0.4568,497,834.8
405,0.475,0.000,0,-0.0006,0.7555,0.4536,424,837.2
406,3.025,0.125,1,0.0047,0.7362,0.4624,522,840.0
407,-1.175,0.000,0,-0.0509,0.8353,0.4429,359,842.0
408,-3.413,0.000,0,-0.1073,0.9730,0.4358,269,843.5
409,-2.038,0.000,0,0.0427,0.9099,0.4286,324,845.2
410,0.475,0.000,0,-0.0044,0.7120,0.4254,425,847.7
411,0.212,0.000,0,0.0668,0.7789,0.4290,415,850.0
412,-1.563,0.000,0,0.0653,0.8543,0.4348,343,851.8
413,-0.225,0.250,2,0.0525,1.4127,0.4372,386,853.9
414,0.350,0.000,0,0.0330,0.6747,0.4565,419,856.3
415,1.525,0.125,1,0.0513,0.8833,0.4732,462,858.8
416,-1.800,0.000,0,-0.0409,0.9136,0.4815,333,860.6
417,0.712,0.000,0,0.0209,0.7046,0.4880,436,863.0
418,-1.613,0.000,0,-0.0386,0.8487,0.4886,340,864.9
419,-0.400,0.000,0,-0.0502,0.7601,0.4876,389,867.0
420,5.775,0.250,2,0.0493,0.8573,0.4801,626,870.4
421,0.850,0.125,1,-0.0374,0.7927,0.4721,434,872.8
422,0.687,0.125,1,0.0083,0.9535,0.4607,428,875.1
423,-0.888,0.125,1,-0.0461,0.9586,0.4505,365,877.1
424,-0.513,0.125,1,-0.0030,1.0971,0.4491,381,879.2
425,0.412,0.000,0,0.0099,0.6905,0.4508,422,881.5
426,0.262,0.000,0,-0.0133,0.7504,0.4519,416,883.8
427,-1.413,0.000,0,-0.0208,0.9154,0.4523,348,885.7
428,0.112,0.000,0,0.0024,0.7834,0.4632,410,887.9
429,-2.275,0.000,0,-0.0301,0.8663,0.4576,314,889.6
430,0.675,0.000,0,-0.0190,0.7227,0.4718,433,892.0
431,-0.750,0.250,1,-0.0089,1.1510,0.4807,367,894.0
432,-0.300,0.000,0,-0.0503,0.8216,0.4820,393,896.2
433,-1.875,0.000,0,-0.0949,0.9030,0.4855,331,897.9
434,-0.900,0.000,0,-0.0582,0.8034,0.4927,370,900.0
435,-1.300,0.000,0,-0.1068,0.8447,0.4897,353,902.0
436,-1.338,0.000,0,-0.0990,0.8479,0.4828,353,904.0
437,-0.963,0.000,0,-0.0342,0.8142,0.4598,367,906.0
438,-0.438,0.000,0,0.0439,0.7243,0.4515,389,908.2
439,2.987,0.125,1,0.0789,0.6408,0.4228,519,911.0
440,-0.450,0.000,0,-0.0211,0.8252,0.4164,386,913.2
441,-3.150,0.000,0,0.1114,1.0283,0.4008,279,914.7
442,-2.500,0.000,0,-0.0005,1.0189,0.3939,305,916.4
443,-4.088,0.000,0,-0.0031,1.0416,0.4042,242,917.8
444,-2.050,0.125,1,-0.0253,1.0731,0.4073,319,919.5
445,0.962,0.000,0,0.0336,0.7076,0.4234,444,922.0
446,-0.975,0.000,0,0.0130,0.8341,0.4323,366,924.0
447,2.087,0.125,1,0.0384,0.7462,0.4364,484,926.6
448,-1.875,0.000,0,-0.0427,0.8974,0.4444,330,928.5
449,-0.563,0.125,1,0.0557,1.0495,0.4442,379,930.5
450,-0.500,0.000,0,-0.0009,0.8310,0.4506,386,932.6
451,-0.575,0.000,0,-0.0492,0.8142,0.4538,383,934.7
452,-1.163,0.000,0,-0.0641,0.8104,0.4571,359,936.8
453,-1.025,0.000,0,-0.0388,0.8674,0.4486,365,938.8
454,-2.100,0.000,0,-0.0748,0.9242,0.4490,322,940.5
455,0.875,0.000,0,0.0158,0.7286,0.4405,440,942.9
456,1.962,0.125,1,0.0471,0.8834,0.4313,480,945.5
457,-1.450,0.000,0,0.0341,0.8816,0.4212,347,947.3
458,-0.550,0.125,1,0.0389,0.9235,0.4177,378,949.4
459,-0.950,0.000,0,0.0012,0.8681,0.4270,368,951.4
460,1.187,0.125,1,0.0761,0.9629,0.4267,449,953.8
461,-1.988,0.000,0,0.0873,0.8708,0.4424,326,955.6
462,-1.375,0.000,0,-0.0351,0.8125,0.4559,352,957.5
463,2.062,0.375,1,0.0967,1.0481,0.4623,474,960.1
464,-0.650,0.000,0,0.0429,0.7655,0.4831,380,962.2
465,-2.663,0.000,0,-0.0503,0.8989,0.5018,299,963.8
466,-0.913,0.000,0,-0.0296,0.8745,0.5113,369,965.8
467,-3.337,0.000,0,-0.1400,0.8975,0.5262,272,967.4
468,0.775,0.125,1,0.0312,0.8979,0.5109,432,969.8
469,-1.488,0.000,0,-0.0136,0.8312,0.5162,346,971.7
470,-1.425,0.000,0,-0.0915,0.8664,0.5121,350,973.7
471,-1.863,0.000,0,-0.0369,0.8603,0.4963,331,975.4
472,-1.525,0.000,0,-0.0698,0.8724,0.4836,345,977.4
473,-1.350,0.000,0,-0.0295,0.8800,0.4604,351,979.3
474,-2.725,0.000,0,-0.0901,0.9266,0.4502,297,980.9
475,4.225,0.125,1,0.1111,0.6642,0.4174,569,984.2
476,-3.063,0.000,0,-0.0552,0.9864,0.4143,282,985.8
477,-0.938,0.000,0,0.0902,0.7674,0.3923,368,987.8
478,-2.775,0.000,0,0.0264,0.9470,0.3910,294,989.5
479,-3.375,0.000,0,0.0206,0.9746,0.3960,271,991.0
480,0.562,0.000,0,0.0660,0.7105,0.4020,429,993.3
481,-0.113,0.000,0,0.0307,0.7237,0.4088,401,995.5
482,-1.013,0.000,0,-0.0313,0.8092,0.4244,366,997.5
483,1.712,0.125,1,0.0885,0.9298,0.4198,469,1000.0
484,-2.175,0.000,0,-0.0710,0.9405,0.4407,318,1001.8
485,1.525,0.000,0,0.0054,0.6737,0.4396,467,1004.4
486,-2.075,0.000,0,-0.1468,0.8498,0.4544,323,1006.2
487,-0.688,0.000,0,-0.0284,0.7820,0.4410,379,1008.2
488,-0.500,0.000,0,0.0497,0.7878,0.4322,386,1010.5
489,-0.213,0.125,1,-0.0183,0.9216,0.4212,394,1012.6
490,-2.038,0.000,0,-0.0139,0.8815,0.4199,326,1014.4
491,-2.100,0.000,0,-0.0265,0.8436,0.4145,322,1016.2
492,1.162,0.125,1,0.0604,0.9102,0.4045,448,1018.8
493,-0.763,0.000,0,0.0655,0.7938,0.4048,375,1021.1
494,-1.513,0.125,1,0.0138,1.2454,0.4078,340,1023.0
495,5.937,0.250,1,0.0745,0.6002,0.4199,632,1026.6
496,0.250,0.000,0,0.0395,0.7269,0.4371,416,1028.9
497,0.312,0.000,0,0.0452,0.7454,0.4498,420,1031.3
498,-1.038,0.000,0,-0.0778,0.8947,0.4539,365,1033.3
499,-0.700,0.000,0,-0.0237,0.8068,0.4587,377,1035.4
500,0.187,0.000,0,-0.0476,0.7379,0.4614,413,1037.6
501,-1.363,0.000,0,-0.0259,0.9006,0.4580,351,1041.2
502,1.112,0.125,1,0.0084,0.9564,0.4619,444,1043.6
503,0.812,0.000,0,-0.0418,0.7168,0.4747,439,1046.0
504,-0.613,0.000,0,-0.0474,0.8045,0.4708,382,1048.1
505,1.687,0.000,0,-0.0124,0.6421,0.4716,473,1050.7
506,-3.138,0.000,0,-0.1041,0.9920,0.4624,281,1052.3
507,-0.138,0.000,0,-0.0729,0.7597,0.4483,401,1054.4
508,-1.138,0.000,0,-0.0214,0.8160,0.4332,359,1056.4
509,0.362,0.125,1,0.0507,0.7451,0.4167,415,1058.6
510,-1.663,0.000,0,0.0206,0.9104,0.4049,339,1060.5
511,1.087,0.250,2,0.0932,1.2365,0.3989,439,1062.8
512,-0.125,0.000,0,-0.0192,0.7785,0.4095,400,1065.0
513,-4.363,0.000,0,0.0398,0.9480,0.4136,231,1066.3
514,2.225,0.125,1,0.0655,0.8494,0.4313,490,1068.9
515,1.687,0.125,1,0.0337,0.6894,0.4491,468,1071.4
516,-0.688,0.125,1,0.0121,0.8680,0.4568,373,1073.5
517,-1.825,0.000,0,-0.0441,0.9365,0.4792,333,1075.3
518,0.812,0.000,0,-0.0048,0.7289,0.4845,438,1077.7
519,-2.575,0.000,0,-0.0740,0.9050,0.4925,302,1079.3
520,-0.788,0.000,0,-0.0580,0.8426,0.4962,374,1081.4
521,0.412,0.000,0,-0.0253,0.7251,0.4948,423,1083.7
522,1.562,0.125,1,0.0120,0.7498,0.4838,462,1086.2
523,0.937,0.125,1,0.0016,0.9884,0.4752,438,1088.7
524,-0.138,0.000,0,-0.0620,0.7561,0.4680,399,1090.9
525,-0.088,0.000,0,0.0129,0.7836,0.4586,402,1093.0
526,-0.125,0.000,0,-0.0134,0.7418,0.4462,400,1095.2
527,-1.488,0.000,0,-0.0362,0.8375,0.4318,346,1097.1
528,1.912,0.000,0,0.0254,0.6273,0.4135,483,1099.7
529,-0.038,0.125,1,0.0529,1.0709,0.3979,398,1101.9
530,-1.425,0.000,0,0.0381,0.8372,0.3971,350,1103.8
531,-2.063,0.000,0,0.1113,0.9726,0.4221,323,1105.5
532,1.762,0.125,1,0.0471,0.8805,0.4054,471,1108.0
533,-0.513,0.000,0,0.0315,0.7153,0.4235,385,1110.1
534,0.250,0.000,0,-0.0024,0.7381,0.4230,416,1112.3
535,-3.813,0.000,0,-0.0894,1.0455,0.4399,253,1113.7
536,-0.225,0.000,0,-0.0192,0.7656,0.4413,397,1115.8
537,-0.613,0.000,0,-0.0037,0.8084,0.4473,380,1117.8
538,-2.725,0.000,0,-0.0760,0.9692,0.4478,297,1119.5
539,-0.075,0.000,0,0.0252,0.7727,0.4539,403,1121.6
540,2.050,0.125,1,0.0777,0.6811,0.4527,482,1124.2
541,-0.575,0.000,0,-0.0098,0.7726,0.4551,383,1126.3
542,0.687,0.000,0,0.0078,0.7020,0.4543,433,1128.6
543,0.475,0.125,1,0.0161,0.7942,0.4475,420,1130.9
544,0.475,0.000,0,-0.0052,0.6423,0.4433,424,1133.2
545,-1.388,0.125,1,-0.0051,1.2160,0.4351,346,1135.1
546,0.775,0.125,1,0.0536,0.8880,0.4344,430,1137.4
547,3.250,0.250,2,0.0530,1.0301,0.4337,526,1140.4
548,-1.688,0.000,0,-0.0743,0.8847,0.4387,337,1142.5
549,-1.038,0.000,0,0.0021,0.8385,0.4367,365,1144.5
550,-1.488,0.000,0,-0.0908,0.9954,0.4546,347,1146.4
551,-0.938,0.000,0,-0.1081,0.8073,0.4664,368,1148.4
552,-0.100,0.000,0,-0.0372,0.7773,0.4744,402,1150.8
553,0.975,0.000,0,-0.0544,0.7020,0.4757,444,1153.2
554,-1.175,0.000,0,-0.0610,0.8765,0.4830,359,1155.3
555,-2.988,0.000,0,-0.0694,0.8982,0.4779,287,1157.0
556,-1.188,0.000,0,0.0033,0.8952,0.4750,359,1158.9
557,0.112,0.000,0,0.0619,0.7186,0.4730,409,1161.3
558,3.912,0.250,2,0.1012,0.8138,0.4717,552,1164.4
559,-0.363,0.125,1,-0.0012,0.9392,0.4750,387,1166.5
560,-0.788,0.000,0,-0.0464,0.8094,0.4701,375,1168.6
561,-0.475,0.000,0,-0.0226,0.7491,0.4624,387,1170.7
562,0.487,0.000,0,0.0066,0.7465,0.4464,426,1173.0
563,0.387,0.125,1,0.0157,0.9439,0.4469,416,1175.3
564,2.325,0.000,0,0.0641,0.5873,0.4269,499,1178.0
565,-0.025,0.125,1,-0.0100,0.8336,0.4176,400,1180.2
566,-0.575,0.000,0,0.0366,0.7374,0.4060,384,1182.3
567,0.987,0.125,1,0.0055,0.7240,0.4002,442,1184.8
568,-1.438,0.000,0,0.0670,0.9445,0.3880,349,1186.7
569,-1.750,0.000,0,-0.0517,0.8279,0.3839,335,1188.5
570,-0.988,0.000,0,0.0178,0.8736,0.3890,365,1190.5
571,-1.513,0.000,0,-0.0160,0.9172,0.3991,346,1192.4
572,0.950,0.000,0,-0.0416,0.6335,0.4171,443,1194.8
573,2.562,0.125,1,0.0825,0.7867,0.4147,503,1197.5
574,2.250,0.000,0,0.0420,0.5662,0.4125,495,1200.2
575,-0.625,0.000,0,-0.0229,0.7535,0.4260,380,1202.3
576,1.587,0.000,0,0.0079,0.6046,0.4306,468,1204.9
577,-0.700,0.000,0,-0.0199,0.7616,0.4293,378,1206.9
578,-1.438,0.125,1,-0.0603,1.0250,0.4308,343,1208.8
579,-1.188,0.000,0,-0.0284,0.8337,0.4352,359,1210.7
580,-0.775,0.000,0,-0.0217,0.8328,0.4332,374,1212.8
581,-0.213,0.000,0,0.0123,0.6462,0.4482,397,1214.9
582,-2.463,0.000,0,-0.0496,0.9611,0.4522,308,1216.6
583,0.337,0.000,0,-0.0311,0.7240,0.4486,420,1218.8
584,-0.588,0.000,0,0.0550,0.8661,0.4537,382,1220.9
585,-1.938,0.000,0,-0.1111,0.8776,0.4609,328,1222.6
586,-2.475,0.000,0,0.0030,1.0280,0.4556,307,1224.2
587,-1.525,0.000,0,-0.0453,0.8495,0.4530,346,1226.1
588,-0.675,0.000,0,-0.0187,0.7319,0.4566,378,1228.2
589,0.075,0.000,0,0.0629,0.7825,0.4500,408,1230.4
590,5.087,0.250,1,0.0953,0.5983,0.4444,599,1233.6
591,-2.113,0.000,0,-0.0291,0.9110,0.4316,321,1235.3
592,-0.538,0.000,0,0.0184,0.7665,0.4273,383,1237.4
593,-1.700,0.125,1,-0.0065,1.0204,0.4214,333,1239.2
594,0.937,0.000,0,0.0304,0.6706,0.4284,442,1241.6
595,2.625,0.125,1,0.0409,0.7611,0.4259,506,1244.4
596,-0.025,0.125,1,0.0119,0.9963,0.4260,401,1246.6
597,1.000,0.000,0,-0.0232,0.7174,0.4380,446,1249.1
598,-1.288,0.000,0,-0.0801,0.7535,0.4336,354,1251.0
599,-1.175,0.125,1,-0.0902,0.9494,0.4353,354,1252.9
600,-3.200,0.000,0,-0.0390,0.9394,0.4396,278,1254.4
601,-1.200,0.000,0,-0.0667,0.8814,0.4470,357,1256.3
602,-2.563,0.000,0,-0.1070,0.9854,0.4495,304,1257.9
603,-0.675,0.000,0,0.0084,0.7936,0.4504,379,1259.9
604,0.512,0.000,0,0.0381,0.7087,0.4430,426,1262.3
605,0.450,0.000,0,0.0513,0.7678,0.4413,423,1264.6
606,4.375,0.250,1,0.0662,0.6914,0.4438,571,1267.8
607,-1.950,0.125,1,0.0399,1.2258,0.4316,323,1269.5
608,-0.075,0.000,0,0.0299,0.7290,0.4330,402,1271.7
609,-3.838,0.000,0,0.0357,1.0387,0.4317,252,1273.0
610,-0.400,0.000,0,0.0095,0.7994,0.4446,390,1275.1
611,-0.913,0.000,0,-0.0326,0.8581,0.4445,370,1277.2
612,-0.200,0.125,1,-0.0696,0.9804,0.4569,394,1279.4
613,5.137,0.250,1,0.0438,0.7508,0.4661,602,1282.6
614,-0.825,0.125,1,-0.0113,1.0656,0.4570,368,1284.7
615,0.650,0.000,0,0.0096,0.7256,0.4627,430,1287.0
616,-3.475,0.000,0,-0.0013,0.8914,0.4610,266,1288.5
617,3.012,0.125,1,0.0005,0.8115,0.4729,522,1291.3
618,2.112,0.125,1,0.0336,0.8590,0.4698,484,1293.9
619,-2.038,0.000,0,-0.0056,0.8828,0.4668,326,1295.7
620,-0.363,0.000,0,-0.0290,0.7940,0.4707,391,1297.8
621,-0.113,0.000,0,0.0260,0.7978,0.4687,402,1300.1
622,-2.313,0.000,0,-0.1016,0.8816,0.4708,313,1301.8
623,-1.513,0.000,0,-0.0625,0.8864,0.4567,345,1303.6
624,-2.888,0.000,0,-0.0257,0.9452,0.4436,290,1305.2
625,0.300,0.125,1,0.0066,0.9930,0.4288,414,1307.4
626,0.925,0.000,0,0.0537,0.7221,0.4232,442,1309.9
627,-2.513,0.000,0,0.0517,0.8742,0.4117,305,1311.6
628,0.062,0.000,0,0.0674,0.7534,0.4104,408,1313.9
629,-0.863,0.000,0,0.0272,0.7436,0.4179,371,1315.9
630,-2.025,0.000,0,0.0148,0.8404,0.4191,325,1317.7
631,-0.938,0.000,0,0.0293,0.7818,0.4244,369,1319.7
632,-1.800,0.000,0,-0.0059,0.8842,0.4288,333,1321.6
633,2.650,0.125,1,0.0644,0.6476,0.4286,505,1324.3
634,-1.350,0.000,0,-0.0496,0.8311,0.4460,351,1326.2
635,-0.850,0.000,0,-0.0013,0.8965,0.4447,372,1328.2
636,-3.300,0.000,0,-0.1311,0.9324,0.4672,274,1329.7
637,0.162,0.000,0,0.0005,0.6759,0.4482,411,1332.0
638,-0.213,0.000,0,-0.0186,0.7394,0.4509,397,1334.2
639,-0.388,0.000,0,0.0386,0.7828,0.4349,390,1336.3
640,-1.938,0.000,0,-0.0260,0.9115,0.4463,328,1338.1
641,-0.550,0.000,0,0.0293,0.9020,0.4343,384,1340.2
642,0.850,0.250,1,0.0380,1.0776,0.4336,430,1342.5
643,4.037,0.125,1,0.0594,0.6175,0.4450,563,1345.5
644,-3.100,0.000,0,-0.0446,0.9583,0.4751,282,1347.1
645,-0.600,0.000,0,-0.0811,0.8318,0.4730,381,1349.1
646,-1.113,0.125,1,-0.0497,1.0493,0.4830,355,1351.0
647,-1.963,0.000,0,-0.1252,0.9215,0.4925,327,1352.9
648,-3.013,0.000,0,-0.0817,0.9944,0.4938,286,1354.5
649,-1.138,0.000,0,-0.0395,0.8909,0.4959,360,1356.4
650,-2.450,0.000,0,-0.0669,0.8865,0.5001,308,1358.1
651,-2.650,0.000,0,-0.0411,0.9647,0.5037,300,1359.7
652,1.525,0.125,1,0.0587,0.9327,0.4900,461,1362.3
653,-3.425,0.000,0,-0.0855,0.9176,0.5104,268,1363.7
654,-1.300,0.000,0,-0.0273,0.8057,0.5018,354,1365.6
655,-0.888,0.125,1,-0.0002,0.8915,0.4906,365,1367.6
656,-0.550,0.000,0,0.0025,0.8490,0.4858,384,1369.7
657,0.187,0.000,0,-0.0111,0.8106,0.4793,413,1372.0
658,-0.625,0.000,0,0.0106,0.8310,0.4699,381,1374.1
659,-0.713,0.000,0,0.0148,0.8334,0.4535,378,1376.2
660,-3.325,0.000,0,-0.0249,0.8918,0.4469,272,1377.7
661,2.450,0.125,1,0.0938,0.8027,0.4084,499,1380.4
662,-1.325,0.000,0,0.0255,0.8533,0.4160,353,1382.4
663,1.237,0.000,0,0.0188,0.6751,0.3960,455,1384.8
664,-1.263,0.000,0,0.0783,0.8363,0.3906,355,1386.7
665,-1.738,0.125,1,-0.0258,1.1131,0.3801,331,1388.6
666,-3.387,0.000,0,0.0242,0.9519,0.3927,271,1390.0
667,-1.238,0.000,0,0.0520,0.8219,0.3931,356,1392.0
668,-1.088,0.000,0,0.0417,0.8172,0.4050,364,1394.0
669,-1.688,0.000,0,-0.0196,0.8926,0.4282,338,1396.0
670,-0.838,0.000,0,0.0200,0.8168,0.4406,372,1398.0
671,0.350,0.125,1,0.0238,1.0001,0.4435,416,1400.3
672,-1.313,0.000,0,-0.0327,0.8502,0.4756,352,1402.3
673,0.287,0.000,0,0.0046,0.7695,0.4833,417,1404.7
674,-3.387,0.000,0,-0.0310,0.8790,0.4943,272,1406.2
675,-0.213,0.000,0,-0.0425,0.7825,0.4797,397,1408.4
676,-3.275,0.000,0,-0.0988,0.8818,0.4910,274,1410.0
677,-1.163,0.000,0,0.0131,0.8181,0.4610,359,1412.0
678,3.687,0.250,2,0.1243,0.8847,0.4304,543,1415.1
679,1.050,0.125,1,0.0972,0.7506,0.4374,443,1417.5
680,0.837,0.125,1,0.0882,0.7975,0.4408,434,1419.9
681,-3.450,0.000,0,-0.1514,1.0994,0.4598,268,1421.5
682,-3.188,0.000,0,-0.1548,0.9726,0.4643,279,1423.0
683,-0.250,0.000,0,-0.0259,0.8117,0.4445,396,1425.2
684,-0.975,0.000,0,0.0015,0.8560,0.4291,366,1427.2
685,3.062,0.125,1,0.0889,0.6388,0.4254,523,1430.1
686,2.450,0.000,0,-0.0053,0.5848,0.4226,503,1432.8
687,0.362,0.000,0,0.0267,0.7569,0.4180,420,1435.1
688,4.012,0.250,2,0.0599,0.7927,0.4009,556,1438.3
689,-0.663,0.000,0,-0.0978,0.7827,0.3991,379,1440.4
690,-1.613,0.000,0,0.0026,0.8980,0.3863,341,1442.3
691,-1.838,0.000,0,-0.0653,0.9220,0.3955,333,1444.1
692,-1.325,0.000,0,0.0376,0.9157,0.3984,352,1446.1
693,-3.350,0.000,0,-0.0381,0.9345,0.4136,272,1447.6
694,-2.263,0.000,0,-0.0191,0.8712,0.4260,317,1449.4
695,0.125,0.000,0,0.0219,0.7693,0.4319,410,1451.7
696,2.762,0.125,1,0.1197,0.6326,0.4467,512,1454.5
697,-0.113,0.125,1,0.0146,1.0465,0.4564,395,1456.7
698,-0.413,0.000,0,0.0586,0.8243,0.4670,389,1458.9
699,-2.000,0.000,0,-0.0333,0.9427,0.4909,326,1460.7
700,-0.050,0.000,0,0.0266,0.8007,0.4790,404,1462.9
701,-2.200,0.000,0,-0.0688,0.9682,0.4930,318,1464.7
702,-2.075,0.125,1,-0.0763,1.0885,0.4936,317,1466.5
703,-0.725,0.000,0,-0.0812,0.8247,0.4907,376,1468.6
704,-1.025,0.000,0,0.0558,0.9003,0.4815,363,1470.7
705,-0.163,0.125,1,0.0200,1.0096,0.4752,393,1473.0
706,-0.925,0.000,0,-0.0913,0.8668,0.4776,368,1475.0
707,0.900,0.000,0,0.0169,0.7285,0.4744,441,1477.5
708,-2.638,0.000,0,-0.0868,0.8845,0.4684,299,1479.2
709,-1.150,0.000,0,-0.0773,0.8742,0.4590,360,1481.2
710,2.712,0.000,0,0.0090,0.6387,0.4461,514,1484.0
711,1.550,0.375,2,-0.0043,1.0606,0.4336,452,1486.5
712,-0.363,0.000,0,-0.0097,0.8611,0.4231,390,1488.7
713,-1.938,0.000,0,0.0353,0.8733,0.4111,327,1490.5
714,-1.188,0.000,0,0.0090,0.8415,0.4065,359,1492.5
715,-2.425,0.000,0,-0.0132,0.8881,0.4002,309,1494.2
716,2.487,0.000,0,0.0794,0.6404,0.3928,505,1497.0
717,0.625,0.000,0,-0.0056,0.7006,0.3934,431,1499.4
718,-2.388,0.125,1,0.0154,1.0306,0.3860,305,1501.1
719,-2.913,0.000,0,0.0038,0.9950,0.3935,289,1502.7
720,-1.675,0.125,1,0.0216,0.9707,0.3889,334,1504.6
721,0.112,0.125,1,0.0565,0.8040,0.3927,405,1506.9
722,4.000,0.125,1,0.0733,0.5788,0.3932,561,1510.1
723,1.112,0.000,0,0.0670,0.6746,0.4008,450,1512.6
724,-0.875,0.000,0,0.0577,0.8126,0.4069,371,1514.7
725,2.175,0.125,1,0.0524,0.8651,0.4071,487,1517.3
726,-0.888,0.125,1,0.0201,0.8707,0.4176,365,1519.4
727,0.200,0.000,0,0.0185,0.7413,0.4188,413,1521.7
728,-4.775,0.000,0,-0.0217,0.9750,0.4354,214,1522.9
729,0.987,0.000,0,0.0540,0.7106,0.4455,445,1525.3
730,3.300,0.250,2,0.0813,0.8535,0.4540,528,1528.2
731,1.912,0.000,0,0.0130,0.6277,0.4701,481,1530.8
732,-0.775,0.000,0,-0.0565,0.7937,0.4803,375,1532.9
733,-3.238,0.000,0,-0.1440,0.9025,0.4922,277,1534.5
734,0.400,0.000,0,-0.0157,0.7773,0.4871,420,1536.9
735,-3.712,0.000,0,-0.0393,0.8808,0.4906,257,1538.3
736,1.437,0.000,0,-0.0006,0.6055,0.4858,464,1541.0
737,-1.138,0.125,1,0.0083,1.0222,0.4860,355,1542.9
738,-0.438,0.000,0,-0.0133,0.7987,0.4900,388,1545.0
739,0.012,0.000,0,-0.0043,0.7112,0.4834,407,1547.2
740,1.362,0.000,0,0.0759,0.7045,0.4707,460,1549.7
741,-0.900,0.000,0,-0.0075,0.7591,0.4746,369,1551.8
742,-2.075,0.000,0,-0.0422,0.9890,0.4752,323,1553.6
743,-0.638,0.000,0,0.0019,0.7618,0.4660,380,1555.6
744,2.025,0.000,0,0.0331,0.6025,0.4527,487,1558.3
745,0.675,0.000,0,0.0513,0.7076,0.4400,432,1560.7
746,-1.150,0.000,0,0.0515,0.8070,0.4447,360,1562.7
747,0.987,0.000,0,0.0041,0.5469,0.4442,444,1565.1
748,2.725,0.125,1,0.0084,0.8706,0.4388,510,1567.8
749,0.650,0.000,0,-0.0014,0.6771,0.4440,432,1570.2
750,-3.213,0.000,0,-0.1313,1.1203,0.4443,277,1571.7
751,-1.938,0.125,1,-0.1066,1.1570,0.4523,323,1575.1
752,-1.975,0.000,0,-0.0019,0.9303,0.4579,328,1576.8
753,-2.700,0.000,0,-0.1027,0.8677,0.4847,298,1578.5
754,-0.975,0.125,1,-0.0154,0.9644,0.5011,363,1580.5
755,-0.363,0.000,0,-0.0466,0.8157,0.5219,391,1582.6
756,-2.013,0.000,0,-0.0548,0.9493,0.5406,324,1584.4
